geo,1960,1965,1970,1975,1976,1977,1978,1979,1980,1981,1982,1983,1984,1985,1986,1987,1988,1989,1990,1991,1992,1995,1996,1997,1998,1999,2000,2001,2002,2003,2004,2005,2006,2007,2008,2009,2010,2012,2013,2014,2015,1993,1994,2011,2016,2017,2018,2019
abw,0,0,0,0,0,0,0,0,0,0,0,0,0,0,0,0,0,0,0,0,20,1718,3000,3402,5380,12000,15000,53000,61800,69952,98389,103417,109030,113586,120806,128000,131800,135000,138800,139700,141000,NA,NA,NA,NA,NA,NA,NA
afg,0,0,0,0,0,0,0,0,0,0,0,0,0,0,0,0,0,0,0,0,0,0,0,0,0,0,0,0,25000,200000,600000,1200000,2520366,4668096,7898909,10500000,10215840,15340115,16807156,18407168,19709038,0,0,13797879,21602982,23929713,21976355,22580071
ago,0,0,0,0,0,0,0,0,0,0,0,0,0,0,0,0,0,0,0,0,0,1994,3298,7052,9820,24000,25806,75000,140000,350000,740000,1611118,3054620,4961536,6773356,8109421,9403365,12785109,13285198,14052558,13884532,1100,1824,12073218,13001124,13323952,13288421,14830154
alb,0,0,0,0,0,0,0,0,0,0,0,0,0,0,0,0,0,0,0,0,0,0,2300,3300,5600,11008,29791,392650,851000,1100000,1259590,1530244,1909885,2322436,1859632,2463741,2692372,3500000,3685983,3359654,3400955,0,0,3100000,3369756,3625699,2714878,2630076
and,0,0,0,0,0,0,0,0,0,0,0,0,0,0,0,0,0,0,0,0,770,2825,5488,8618,14117,20600,23543,29429,32790,51893,58366,64560,69004,63503,64202,64549,65495,63865,63931,66241,71336,780,784,65044,76132,80337,82614,87909
are,NA,NA,NA,NA,NA,NA,NA,NA,NA,NA,2330,3564,4936,7924,11191,13711,13823,24946,33578,43008,48919,128968,193834,309373,493278,832267,1428115,1909303,2428071,2972331,3683117,4534143,5519293,7731508,9357735,10671878,10926019,13775252,16063547,16819024,17942560,70586,91488,11727401,19905093,19826224,20081015,19602815
arg,0,0,0,0,0,0,0,0,0,0,0,0,0,0,0,0,0,2300,12000,25000,46590,405395,667020,2009073,2670862,3848869,6487950,6741791,6566740,7842233,13512383,22156426,31510390,40401771,46508774,52482780,57082298,64327647,67361515,61234216,61842011,112000,241163,60722729,63719805,61897379,58598041,58606442
arm,0,0,0,0,0,0,0,0,0,0,0,0,0,0,0,0,0,0,0,0,0,0,300,5000,7831,8161,17486,25504,71349,114379,203309,318044,1259762,1876411,1442000,2191500,3865354,3322837,3346275,3459137,3464490,0,0,3211215,3434567,3488524,3579257,3618747
asm,0,0,0,0,0,0,0,0,0,0,0,0,0,0,0,NA,NA,NA,0,0,700,1250,1300,1400,1500,1800,1992,2156,2036,2100,2250,NA,NA,NA,NA,NA,NA,NA,NA,NA,NA,900,1200,NA,NA,NA,NA,NA
atg,0,0,0,0,0,0,0,0,0,0,0,0,0,0,0,0,0,NA,0,NA,NA,NA,1300,1400,1500,8500,22000,25000,38205,46100,54000,86000,110177,112381,136592,134925,167970,127381,114358,120041,176000,NA,NA,176008,180000,184000,NA,NA
aus,0,0,0,0,0,0,0,0,0,0,0,0,0,0,0,4423,31622,94529,184943,291459,497000,2242000,3990000,4578000,4918000,6315000,8562000,11132000,12670000,14347000,16480000,18420000,19760000,21260000,22120000,22200000,22500000,24338000,24940000,25060000,25770000,690000,1220000,23789000,26551000,26660000,27640000,27880000
aut,0,0,0,0,0,0,0,0,0,0,0,0,0,9762,19104,26223,36904,50721,73698,115402,172453,383535,598708,1159700,2292900,4250393,6117000,6541000,6736000,7274000,7992000,8665000,9281000,9912000,10816000,11434000,12241000,13588000,13272000,12952605,13470623,220859,278199,13022578,11079460,10859000,10984000,10726000
aze,0,0,0,0,0,0,0,0,0,0,0,0,0,0,0,0,0,0,0,0,0,6000,17000,40000,65000,370000,420400,730000,794200,1057100,1456523,2242000,3323500,4519000,6548000,7757120,9100113,10125200,10130102,10552520,10697132,0,500,10120105,10189000,10127000,10339700,10750300
bdi,0,0,0,0,0,0,0,0,0,0,0,0,0,0,0,0,0,0,0,0,0,564,561,619,620,800,16320,33416,52000,64000,100560,153000,200000,270000,480584,920749,1678029,2247126,2536831,3193257,4997696,353,378,1914586,5357816,5920612,6317965,6643411
bel,0,0,0,0,0,0,0,0,0,0,0,0,0,0,3798,7223,19154,30791,42880,51420,61460,235258,478172,974494,1756287,3186602,5629000,7697000,8101777,8605834,9131705,9604695,9847375,10738121,11341704,11775240,12154041,12313375,12315217,12734724,12774090,67771,128071,12495934,12550821,11357286,11447351,11509573
ben,0,0,0,0,0,0,0,0,0,0,0,0,0,0,0,0,0,0,0,0,0,1050,2707,4295,6286,7269,55476,125000,218770,236175,459322,596267,1055727,2051776,3625366,5033349,7074914,8407846,9627447,8660432,9317955,0,0,7765206,8892490,8773044,9461872,10349847
bfa,0,0,0,0,0,0,0,0,0,0,0,0,0,0,0,0,0,0,0,0,0,0,525,1503,2730,5036,25245,76186,111013,238094,395939,633554,1016605,1858038,3024150,3823625,5707850,9976105,11240886,12494391,14446897,0,0,7682100,15404040,17946375,19339109,20364508
bgd,0,0,0,0,0,0,0,0,0,0,0,0,0,0,0,0,0,0,0,0,250,2500,4000,26000,75000,149000,279000,520000,1075000,1365000,2781560,9000000,19130983,34370000,44640000,51359315,67923887,97180000,116553076,126866091,131375724,500,1104,84368700,135981846,150945000,161771617,165572000
bgr,0,0,0,0,0,0,0,0,0,0,0,0,0,0,0,0,0,0,0,0,0,20920,26588,70000,127000,350000,738000,1550000,2597548,3500869,4729731,6244922,8253416,9897477,10429012,10454822,10199942,10780732,10486824,9486927,9194633,1000,6500,10475083,8973869,8532908,8387160,8134581
bhr,0,0,0,0,0,0,0,0,0,0,0,0,0,0,618,1712,2886,4251,5147,7354,9683,27600,40080,58543,92063,133468,205727,299587,388990,443109,649764,767103,907433,1115979,1440782,1401974,1567000,2123903,2210190,2328994,2519055,11360,17616,1693650,2994865,2364477,2092714,1900361
bhs,0,0,0,0,0,0,0,0,0,0,0,0,0,0,0,0,0,0,1922,2020,2600,4100,4948,6200,8072,15911,31524,60555,121759,122228,186007,227771,252987,373999,358050,358812,428377,300000,287000,314842,311175,2401,NA,298790,360200,353540,388707,425507
bih,0,0,0,0,0,0,0,0,0,0,0,0,0,0,0,0,0,0,0,0,0,0,1500,9000,25181,52607,93386,444711,748780,1074790,1407441,1594367,1887820,2450425,3179036,3257239,3110233,3357541,3488319,3491188,3443520,0,0,3171283,3404043,3440085,3461058,3694050
blr,0,0,0,0,0,0,0,0,0,0,0,0,0,0,0,0,0,0,0,0,0,5897,6548,8167,12155,23457,49353,138329,462630,1118000,2239287,4099500,5960000,6960000,8128000,9686200,10332900,10676471,11114440,11401927,11448281,324,1724,10694900,11439866,11415141,11619651,NA
blz,0,0,0,0,0,0,0,0,0,0,0,0,0,0,0,0,0,0,0,0,0,1547,2184,2544,3535,6591,16812,39155,51729,60403,75000,96000,118000,118314,160032,161783,194201,172423,174615,172300,211946,400,832,222407,222928,239441,246311,254919
bmu,0,0,0,0,0,0,0,0,0,0,0,0,0,0,0,NA,NA,745,1112,1440,1936,6324,7980,10276,12572,12800,13000,13333,30000,40000,49000,52720,60100,69000,79000,85000,88200,91000,94300,59491,38000,3400,5127,NA,63891,64997,NA,NA
bol,0,0,0,0,0,0,0,0,0,0,0,0,0,0,0,0,0,0,0,295,1551,7229,33400,118433,239272,420344,582620,779917,1023333,1278844,1800789,2421402,2876143,3254410,5038600,6464390,7179293,9493207,10425704,10450341,10162829,2659,4056,8353273,10106216,10963224,11445830,NA
bra,0,0,0,0,0,0,0,0,0,0,0,0,0,0,0,0,0,0,667,6700,32000,1285533,2498154,4550000,7368218,15032698,23188171,28745769,34880964,46373266,65605000,86210336,99918621,120980103,150641403,169385584,196929978,248323703,271099799,280728796,257814274,182000,574009,234357507,244067356,218244270,207046813,NA
brb,0,0,0,0,0,0,0,0,0,0,0,0,0,0,0,0,0,0,0,486,796,4614,6283,8013,12000,20309,28467,53111,97193,140000,200138,206190,237119,257596,288662,337061,350061,349296,307708,305456,334792,1560,2967,347917,332208,329565,329326,311734
brn,0,0,0,0,0,0,0,0,0,0,0,0,0,0,0,0,0,NA,1772,3025,4103,35881,43524,45000,49129,66000,95000,143004,153647,177365,202454,232900,301400,366138,398857,412882,435104,469740,468814,452054,463384,8304,15623,443161,523453,544732,565949,557398
btn,0,0,0,0,0,0,0,0,0,0,0,0,0,0,0,0,0,0,0,0,0,0,0,0,0,0,0,0,0,2255,19138,36000,82078,149439,253429,338938,394316,560890,544337,624536,675747,0,0,484189,698373,730623,703554,729239
bwa,0,0,0,0,0,0,0,0,0,0,0,0,0,0,0,0,0,0,0,0,0,0,0,0,15190,92000,222190,332264,332264,444978,522840,563782,823070,1151761,1485791,1874101,2363411,3081726,3246787,3410507,3475327,0,0,2900263,3288986,3240589,3381228,4004089
caf,0,0,0,0,0,0,0,0,0,0,0,0,0,0,0,0,0,0,0,0,0,44,1071,1370,1633,4162,4967,11000,12600,40000,60000,100000,110000,340000,570000,863641,979232,1143114,1360300,1155620,1242494,0,0,992444,1248346,1175389,1279261,1530385
can,0,0,0,0,0,0,0,0,0,0,0,0,0,12000,60000,98364,202633,345178,583766,775831,1026611,2589780,3497779,4195000,5346000,6911038,8727000,10649000,11872000,13291000,15020000,17016600,18749100,20277400,22092500,23811900,25825400,27720000,28360000,28789000,29765000,1332982,1865779,26840000,30752000,31693000,33211000,34615000
che,0,0,0,0,0,0,0,0,0,0,0,0,0,0,0,5475,30768,72735,125047,174557,215061,447167,662713,1044379,1698565,3057509,4638519,5275791,5736303,6189000,6274763,6834233,7436157,8208884,8896706,9322580,9644157,10561075,11048637,11150000,11243210,257703,332165,10082636,11242105,11088598,10788602,10927300
chl,0,0,0,0,0,0,0,0,0,0,0,0,0,0,0,0,0,4886,13921,36136,64438,197314,319474,409740,964248,2260687,3401525,5100783,6244310,7268281,9261385,10569572,12450801,13955202,14796593,16450223,19852242,23940973,23661339,23680718,23206353,85186,115691,22315248,23302603,23013147,25178981,25051668
chn,0,0,0,0,0,0,0,0,0,0,0,0,0,0,0,700,3227,9805,18319,47544,176943,3629000,6853000,13233000,23863000,43296000,85260000,144820000,206005000,269953000,334824000,393406000,461058000,547306000,641245000,747214000,859003000,1112155000,1229113000,1286093000,1291984200,638000,1568000,986253000,1364934000,1469882500,1649301700,1725695000
civ,0,0,0,0,0,0,0,0,0,0,0,0,0,0,0,0,0,0,0,0,0,0,13549,36000,91212,257134,472952,728545,1027058,1280696,1674332,2349439,4065421,7467708,10449036,13184308,15599044,18099532,19390902,22104575,25407610,0,0,17344242,27451250,31747233,33807850,37376603
cmr,0,0,0,0,0,0,0,0,0,0,0,0,0,0,0,0,0,0,0,0,0,2800,3500,4200,5000,6000,103279,417295,701507,1077000,1530868,2252508,3135946,4536000,6160893,8004120,8636652,13108058,15664666,17039059,18160667,0,1600,10486614,18717503,20135388,18455836,21155316
cod,0,0,0,0,0,0,0,0,0,0,0,0,0,0,0,0,0,0,0,0,NA,8500,7200,8900,10000,12000,15000,150000,560000,1246225,1990722,2746094,4415470,6592000,9937622,9458557,11820348,20092678,28231900,37102958,37752782,NA,NA,15644877,28889317,35375246,36470600,37123208
cog,0,0,0,0,0,0,0,0,0,0,0,0,0,0,0,0,0,0,0,0,0,0,1000,NA,3390,5000,70000,150000,221800,330000,383653,558192,917499,1287631,1807000,2948304,3718748,4283134,4659762,4930100,5216000,0,0,3884757,5424000,5056000,5000000,NA
col,0,0,0,0,0,0,0,0,0,0,0,0,0,0,0,0,0,0,0,0,0,274590,522857,1264763,1800229,1966535,2256801,3265261,4596594,6186206,10400578,21849993,29762715,33941118,41364753,42159613,44477653,49066359,50295114,55330272,57327470,0,86805,46200421,58684924,62220014,64513977,66283175
com,0,0,0,0,0,0,0,0,0,0,0,0,0,0,0,0,0,0,0,0,0,0,0,0,0,0,0,0,0,2000,8378,15523,36877,62104,91741,122596,165278,283511,347500,383000,424786,0,0,216438,454389,468914,498903,575218
cpv,0,0,0,0,0,0,0,0,0,0,0,0,0,0,0,0,0,0,0,0,0,0,0,20,1020,8068,19729,31507,42949,53342,65780,81721,108858,152212,277670,290621,371871,425310,499458,613378,611468,0,0,396429,601956,612259,610328,595681
cri,0,0,0,0,0,0,0,0,0,0,0,0,0,0,0,0,0,0,0,0,3008,18750,46531,64387,108770,138178,211614,326944,502478,778299,923084,1101305,1443717,1508219,1886570,1950318,3128372,5378082,7111981,7020412,7535599,4533,6985,4153067,8330664,8840342,8495585,8171211
cub,0,0,0,0,0,0,0,0,0,0,0,0,0,0,0,0,0,0,0,0,234,1939,2427,2994,4056,5136,6536,8579,17851,35356,75797,135534,152715,198252,331736,621156,1003015,1681645,1995698,2530752,3335346,500,1152,1315141,3987900,4613782,5373316,6042629
cym,0,0,0,0,0,0,0,0,0,0,0,0,0,0,0,NA,NA,NA,0,559,988,2534,NA,4109,5170,8410,10700,17000,19000,21040,33800,80945,92559,101497,98313,108699,100568,98834,98036,91059,93244,1260,1813,96777,95656,96656,NA,NA
cyp,0,0,0,0,0,0,0,0,0,0,0,0,0,0,0,0,168,1348,3156,5131,9739,44453,70781,91968,116429,151649,218324,314355,417933,551752,658234,782503,867785,988312,1016739,977521,1034071,1110935,1099621,1110802,1111123,15288,22938,1090944,1133780,1176801,1200378,1243151
cze,0,0,0,0,0,0,0,0,0,0,0,0,0,0,0,0,0,0,0,1242,4651,48900,200315,526339,965476,1944553,4346009,6947151,8610177,9708683,10782567,11775878,12406199,13228631,13780165,13062617,12934100,13521900,13719300,13913100,12454575.01,14043,30429,13167700,12485045,12636359,12704262,13205000
deu,0,0,0,0,0,0,0,0,0,0,0,0,0,1080,23800,48747,98763,163619,272609,532251,971890,3725000,5512000,8276000,13913000,23446000,48202000,56126000,59128000,64800000,71322000,79271000,85652000,96232925,105523065,105000000,88400000,92400000,100034000,99530000,96360000,1774378,2490500,90900000,103470000,109700000,107500000,107200000
dji,0,0,0,0,0,0,0,0,0,0,0,0,0,0,0,0,0,0,0,0,0,0,110,203,220,280,230,3000,15000,23000,34482,44053,44817,69539,112848,128776,165613,212468,244123,287049,314350,0,0,193049,345246,373052,395037,NA
dma,0,0,0,0,0,0,0,0,0,0,0,0,0,0,0,0,0,0,0,0,0,0,461,556,650,800,1200,7710,12173,23786,41838,52000,71500,89000,91000,98500,105567,109300,93575,73886,77254,0,0,108924,78444,75230,75771,NA
dnk,0,0,0,0,0,0,0,0,0,0,7200,16100,30600,46100,57604,77432,101479,123792,148220,175943,211063,822264,1316592,1444016,1931101,2628585,3363552,3960165,4477752,4767100,5166912,5449206,5828157,6308000,6556988,6833683,6420790,7292756,7031152,7160233,7079249,357589,503500,7173185,6985035,7140859,7216215,7243465
dom,0,0,0,0,0,0,0,0,0,0,0,0,0,0,0,NA,NA,NA,3166,5605,7190,55979,82547,141592,209384,424434,705431,1270082,1700609,2091914,2534063,3623289,4605659,5512859,7210483,8629815,8892783,8934196,9200410,8303536,8797247,10364,20990,8770780,8708131,8769127,8937647,8948107
dza,0,0,0,0,0,0,0,0,0,0,0,0,0,0,0,0,0,0,470,4781,4781,4691,11700,17400,18000,72000,86000,100000,450244,1446927,4882414,13661355,20997954,27562721,27031472,32729824,32780165,37527703,39517045,43298174,43227643,4781,1348,35615926,47041321,45845665,47154264,47081131
ecu,0,0,0,0,0,0,0,0,0,0,0,0,0,0,0,0,0,0,0,0,0,54380,59779,126505,242812,383185,482213,859152,1560861,2398161,3544174,6246332,8485050,9939977,11684479,13241758,14780730,16456740,16626199,16605737,12943791,0,18920,15332715,13882280,14651404,15772838,15853100
egy,0,0,0,0,0,0,0,0,0,0,0,0,0,0,0,2627,3021,3619,4000,4500,4913,7368,7369,65378,90786,480974,1359900,2793800,4494700,5797530,7643060,13629602,18001106,30093673,41286662,55352233,70661005,96798801,99704976,95316034,94016152,6877,7371,83425145,97791441,102958194,93784497,95340262
eri,0,0,0,0,0,0,0,0,0,0,0,0,0,0,0,0,0,0,0,0,0,0,0,0,0,0,0,0,0,0,20000,40438,61996,84348,108631,141130,185275,305283,354844,417400,475000,0,0,241939,506000,695000,NA,NA
esp,0,0,0,0,0,0,0,0,0,0,0,NA,NA,NA,1700,4200,11628,29783,54700,108451,180296,944955,2997645,4337696,6437444,15003708,24265059,29655729,33530997,37219839,38622582,42694115,45695061,48422470,49623339,51052693,51389417,50665099,50158689,50806251,51067770,257261,411930,52590507,51521507,52506928,54161014,55267594
est,0,0,0,0,0,0,0,0,0,0,0,0,0,0,0,0,0,0,0,570,2498,30452,69500,144200,247000,387000,557000,651200,881000,1050241,1255731,1445300,1658700,1681849,1624465,1570538,1652809,1999750,1927423,1897551,1903545,7224,13774,1806075,1897921,1904425,1924034,1951051
eth,0,0,0,0,0,0,0,0,0,0,0,0,0,0,0,0,0,0,0,0,0,0,0,0,0,6740,17757,27500,50369,51324,155534,410630,866700,1208498,1954527,4051703,6854000,20523889,25646865,30490000,42311629,0,0,14126659,51224000,39600000,NA,NA
fin,0,0,0,0,0,0,0,0,23482,28278,33880,42226,52010,67639,85300,105860,138160,190031,257872,319137,386021,1039126,1502003,2162574,2845985,3273433,3728625,4175587,4516772,4747126,4988000,5270000,5670000,6080000,6830000,7700000,8390000,9320000,7411200,7602600,7396200,489174,675565,8940000,7220100,7160000,7150000,7150000
fji,0,0,0,0,0,0,0,0,0,0,0,0,0,0,0,0,0,0,0,0,0,2200,3700,5200,8000,23380,55057,80933,89900,109882,142190,205000,284661,530048,600000,640000,697920,858809,930406,876176,965950,0,1100,727000,1044685,1033915,NA,NA
fra,0,0,0,0,0,0,0,0,0,0,0,0,0,0,9055,39234,98332,178400,283200,375000,436700,1302496,2462700,5817300,11210100,21433500,29052360,36997400,38585300,41702000,44544000,48088000,51662000,55358100,57972000,57918000,57785000,62260000,63324000,65425000,66681000,572000,883000,59816000,67571000,69018000,70422000,72043000
fro,0,0,0,0,0,0,0,0,0,0,0,0,0,0,0,0,0,NA,0,1429,1718,2558,3265,4701,6516,10761,16971,24487,34737,38026,41298,42032,49965,52169,54860,56993,59446,58722,57751,58282,53213,1605,1960,58475,54487,56619,56792,NA
fsm,0,0,0,0,0,0,0,0,0,0,0,0,0,0,0,0,0,0,0,0,0,0,0,0,0,0,0,0,100,5869,12782,14094,18616,27436,27500,27500,27518,31213,31393,NA,22505,0,0,27600,23412,23114,NA,NA
gab,0,0,0,0,0,0,0,0,0,0,0,0,0,0,0,0,0,0,0,0,280,4000,6800,9500,9694,8891,120000,150000,279289,300000,489367,736690,897987,1169000,1300000,1450000,1610000,2557728,2745229,2932731,2821555,1200,2581,2370227,2962486,2663243,2930554,NA
gbr,0,0,0,0,0,0,0,0,0,0,0,0,0,50000,130000,290000,560000,975000,1114000,1260000,1507000,5735785,7248355,8841000,14878000,27185000,43452000,46283000,49228000,54256221,59687915,65471665,70077926,73836210,74940937,76481053,76729827,78329355,78673978,78460684,79250793,2268000,3940000,77162298,78931386,79098617,79472341,NA
geo,0,0,0,0,0,0,0,0,0,0,0,0,0,0,0,0,0,0,0,0,0,150,2300,30000,60000,133243,194741,301327,503619,711224,840645,1174308,1703888,2599714,2755087,2837000,3978242,4698582,4993119,5400766,5550730,0,0,4430344,5531875,5502395,5459239,5384462
gha,0,0,0,0,0,0,0,0,0,0,0,0,0,0,0,0,0,0,0,0,400,6200,12766,21866,41753,70026,130045,243797,386775,795529,1695000,2874560,5207242,7604053,11570430,15108916,17436949,25618427,28026482,30360771,35008387,1742,3336,21165843,38305078,36751761,40934875,40857077
gib,0,0,0,0,0,0,0,0,0,0,0,0,0,0,0,0,0,0,0,0,0,660,1002,1620,2445,3648,5558,9797,12167,15900,18392,20000,22000,24000,26000,28600,30000,34750,NA,38000,41441,0,0,32500,41136,41035,41045,40537
gin,0,0,0,0,0,0,0,0,0,0,0,0,0,0,0,0,0,0,0,0,0,950,950,2868,21567,25182,42112,55670,90772,111500,154900,189000,NA,2000000,2750000,3489000,4000000,5584700,7436471,8683500,10764000,42,812,4860590,11110000,11700000,12013000,12873000
gmb,0,0,0,0,0,0,0,0,0,0,0,0,0,0,0,0,0,0,0,0,204,1442,3096,4734,5048,5307,5600,55085,100000,149300,175000,247478,404345,800371,1166136,1312874,1478347,1526191,1848854,2283691,2715672,457,812,1401163,2838127,2966000,3181393,NA
gnb,0,0,0,0,0,0,0,0,0,0,0,0,0,0,0,0,0,0,0,0,0,0,0,0,0,0,0,0,0,1275,39451,98825,157330,296223,500156,560345,677365,1049193,939909,1108297,1238493,0,0,732634,1285835,1434822,1480491,1590381
gnq,0,0,0,0,0,0,0,0,0,0,0,0,0,0,0,0,0,0,0,0,0,0,61,300,297,600,5000,15000,32000,41500,61900,96900,120000,150000,180000,200000,399290,501077,510783,516540,533336,0,0,478860,575650,566113,591223,NA
grc,0,0,0,0,0,0,0,0,0,0,0,0,0,0,0,0,0,0,0,0,0,273000,532000,937700,2047000,3904000,5932403,7963742,9314260,8936202,9324335,10260396,10979826,12294912,13799340,13295093,12292716,13360280,12518645,12144598,12566649,48000,153000,12127985,12538927,12937106,12170757,11882081
grd,0,0,0,0,0,0,0,0,0,0,0,0,0,0,0,0,0,0,150,147,181,400,570,976,1410,2012,4300,6414,7553,42293,43313,46858,46193,51381,60022,114424,121946,129912,133000,117151,119767,282,350,120855,118973,113177,116184,NA
grl,0,0,0,0,0,0,0,0,0,0,0,0,0,0,0,0,0,0,0,0,171,2052,4122,6481,8899,13521,15114,15882,19924,29749,39033,46480,53900,66400,55816,53468,57349,59455,60400,60800,61000,438,964,58742,NA,62232,62537,64878
gtm,0,0,0,0,0,0,0,0,0,0,0,0,0,0,0,0,0,0,293,1221,2141,29999,43421,64194,111445,337800,856831,1146441,1577085,2034776,3168256,4510067,7178745,11897563,14948640,17307459,18067970,20787080,21716357,16911811,18121390,2990,10462,19479105,18264520,19986482,20467520,20874130
gum,0,0,0,0,0,0,0,0,0,0,0,0,0,0,0,0,0,0,0,867,1301,4965,5803,5673,12837,20000,27200,32600,70500,79800,98000,NA,NA,NA,NA,NA,NA,NA,NA,NA,NA,1907,4098,NA,NA,NA,NA,NA
guy,0,0,0,0,0,0,0,0,0,0,0,0,0,0,0,0,0,0,0,0,841,1243,1200,1400,1454,2815,39830,75320,79400,137955,171656,281368,400000,538774,447769,488533,560397,547047,555035,566905,542598,1029,1251,528757,584659,643210,NA,NA
hkg,0,0,0,0,0,0,0,0,0,0,0,0,1000,4400,10000,28060,51280,89193,133912,189664,233324,798373,1361861,2229862,3174369,4275048,5447346,5776360,6395725,7349202,8213959,8544255,9444140,10751622,11580149,12597171,13793729,16387536,16973133,16959455,16724440,290843,484823,15292924,17584969,18394762,19898785,21455736
hnd,0,0,0,0,0,0,0,0,0,0,0,0,0,0,0,0,0,0,0,0,0,0,2311,14427,34896,78588,155271,237629,326508,379362,707201,1281462,2240756,4184834,6210711,8390755,9505071,7370034,7767235,7725092,8048388,0,0,8062229,7832802,8233499,7588554,7089691
hrv,0,0,0,0,0,0,0,0,0,0,0,0,0,0,0,0,0,0,240,2019,6320,33688,64943,120420,182500,295000,1033000,1755000,2312600,2537300,2835500,3649700,4395200,5034582,4554777,4675017,4928352,4971351,4721015,4461352,4415660,11382,21664,5115140,4414347,4315580,4388476,4404652
hti,0,0,0,0,0,0,0,0,0,0,0,0,0,0,0,0,0,0,0,0,0,0,0,0,10000,25000,55000,91500,140000,320000,400000,500200,1200000,2500000,3200000,3648000,4000000,6094947,7160200,6769312,7300000,0,0,4200000,6504010,6305862,6399044,NA
hun,0,0,0,0,0,0,0,0,0,0,0,0,0,0,0,0,0,0,2645,8477,23292,265000,473100,705786,1070154,1628153,3076279,4967430,6886111,7944586,8727188,9320000,9965720,11029930,12224163,11792475,12011823,11579425,11590326,11726491,9900582,45712,143000,11689937,9952001,9945037,10041939,10272694
idn,0,0,0,0,0,0,0,0,0,0,0,0,1750,2029,4531,6321,9008,12928,18096,24528,35546,210643,562517,916173,1065820,2220969,3669327,6520947,11700000,18495251,30336607,46909972,63803015,93386881,140578243,163676961,211290235,281963665,313226914,325582819,338948340,53438,78024,249805619,385573398,435193605,319434605,345025155
ind,0,0,0,0,0,0,0,0,0,0,0,0,0,0,0,0,0,0,0,0,0,76680,327967,881839,1195400,1884311,3577095,6540000,13000000,33690000,52220000,90140000,166050000,233620000,346890000,525090000,752190000,864720917,886304245,944008677,1001056000,0,0,893862478,1127809000,1168902277,1176021869,1151480361
irl,0,0,0,0,0,0,0,0,0,0,0,0,0,300,1500,3475,6300,13579,25000,32000,44000,158000,288600,545000,946000,1677000,2461000,2970000,3000000,3500000,3860000,4270000,4690135,4970719,5048127,4704497,4701474,5013676,4880792,4912620,4902009,61100,88000,4906352,4875116,4898872,4971493,5145256
irn,0,0,0,0,0,0,0,0,0,0,0,0,0,0,0,0,0,0,0,0,0,15902,59967,238942,389974,490478,962595,2087353,2279143,3449876,5075678,8510513,15385289,29770000,43000000,52555000,54051764,58157539,65246219,68891151,74218815,0,9200,56043006,80520249,87046953,88722442,118061419
irq,0,0,0,0,0,0,0,0,0,0,0,0,0,0,0,0,0,0,0,0,0,0,0,0,0,0,0,0,20000,80000,574000,1533000,9345371,14021232,17529000,20116876,23264408,26756000,32450000,33000000,33559000,0,0,25519000,33447000,33415690,36527353,NA
isl,0,0,0,0,0,0,0,0,0,0,0,0,0,0,2642,5008,6519,7893,10010,12889,15251,30883,46805,65368,104280,172614,214896,248131,260438,279670,290068,283108,301922,326098,336922,339715,341077,352114,356264,370047,383919,17409,21845,344085,401613,401231,411361,413446
isr,NA,NA,NA,NA,NA,NA,NA,NA,NA,NA,NA,NA,NA,NA,NA,NA,NA,NA,15240,23000,36104,445456,1047582,1672442,2147000,2880000,4400000,5500621,6300008,6618367,7221955,7757000,8403765,8902000,8982000,9022000,9111000,9225000,9500000,9500000,10570000,64484,133425,9200000,10570000,10540000,10700000,10800000
ita,0,0,0,0,0,0,0,0,0,0,0,0,0,6415,9044,16534,33609,66070,266000,568000,783000,3923000,6422000,11737904,20489000,30296000,42246000,51246000,54200000,56770000,62750000,71500000,80418000,89801000,90341000,90032886,93666088,97188624,96863107,89914609,87691238,1207175,2240000,96040913,85955905,83871543,83342486,80580548
jam,0,0,0,0,0,0,0,0,0,0,0,0,0,0,0,0,0,0,0,2447,7628,45138,54640,65995,78624,144388,366952,597826,1244976,1576360,1837552,1981464,2274650,2684331,2723323,2956061,3181995,2714938,2846196,3005490,3137213,15221,26106,2945395,3267344,3091222,2964974,3023873
jor,0,0,0,0,0,0,0,0,0,0,0,0,0,0,0,0,0,0,1439,1462,1462,11840,24113,45037,82429,118417,388949,865627,1219597,1325313,1624110,3137700,4343100,4771641,5313564,6014366,6620000,8984252,10313976,11092404,13797968,1456,1446,7482561,9818446,9703287,8731760,7778770
jpn,0,0,0,0,0,0,0,0,0,13275,19804,27198,40392,61800,95131,150773,242888,489558,868078,1378108,1712545,11712137,26906511,38253893,47307592,56845594,66784374,74819158,81118324,86655000,91474000,96484000,99826000,107339000,110394996,116295378,123287125,141129280,147887593,157856591,160559734,2131367,4331369,132761125,166852753,172789990,179872794,NA
kaz,0,0,0,0,0,0,0,0,0,0,0,0,0,0,0,0,0,0,0,0,0,4600,9798,11202,29700,49500,197300,582000,1027000,1330730,2447000,5398000,7775737,12322676,14910573,17063200,19402600,30235400,30364900,28595600,26309300,0,400,25240800,25534800,26693300,26065600,25709000
ken,0,0,0,0,0,0,0,0,0,0,0,0,0,0,0,0,0,0,0,0,1100,2279,2826,6767,10756,23757,127404,600000,1187122,1590785,2546157,4611970,7340317,11349412,16303573,19364559,24968891,30731754,31830003,33632631,37715944,1162,1990,28080771,38982188,42815109,49501430,54555497
kgz,0,0,0,0,0,0,0,0,0,0,0,0,0,0,0,0,0,0,0,0,0,0,0,0,1350,2574,9000,27000,53084,138279,263375,541652,1261757,2168329,3394016,4487123,5275477,6797852,6737487,7563444,7579439,0,0,6277108,7613528,8467966,8735246,8622565
khm,0,0,0,0,0,0,0,0,0,0,0,0,0,0,0,0,0,0,0,0,0,14100,23098,33556,61345,89117,130547,223458,380000,498388,861500,1062000,1721650,2583318,4237000,6268000,8150764,19105115,20264514,20451982,20850543,4810,10239,13757000,19915503,18572973,19417123,21418681
kir,0,0,0,0,0,0,0,0,0,0,0,0,0,0,0,0,0,0,0,0,0,0,0,0,22,200,300,395,495,526,615,650,700,750,1000,9907,10595,18000,20000,30000,41000,0,0,13788,52000,46123,53338,54658
kna,0,0,0,0,0,0,0,0,0,0,0,0,0,0,0,0,0,0,0,NA,NA,NA,300,205,440,700,1200,2100,5000,22000,29000,51000,51000,64500,74500,75500,80000,76000,77000,65000,73009,NA,NA,77000,76583,76878,NA,NA
kor,0,0,0,0,0,0,0,0,0,0,0,0,NA,NA,7090,10255,20353,39718,80005,166108,271927,1641293,3180989,6878786,14018612,23442724,26816398,29045596,32342493,33591758,36586052,38342323,40197115,44369165,45606984,47944222,50767241,53624427,54680840,57290356,58935081,471784,960258,52506793,61295538,63658688,66355778,68892541
kos,NA,NA,NA,NA,NA,NA,NA,NA,NA,NA,NA,NA,NA,NA,NA,NA,NA,NA,NA,NA,NA,NA,NA,NA,NA,NA,NA,NA,NA,NA,NA,562000,562000,562000,562000,562000,562000,NA,NA,NA,NA,NA,NA,NA,NA,NA,NA,NA
kwt,0,0,0,0,0,0,0,0,0,0,0,0,0,0,8200,14300,17500,22500,20735,43000,51000,117609,151063,210000,250000,300000,476000,877920,1227000,1420000,1774567,1382084,1179573,1426395,1499912,2618413,3979145,5100000,6410000,7600000,7664743,64311,85195,4934160,7659365,7138833,7099848,7327028
lao,0,0,0,0,0,0,0,0,0,0,0,0,0,0,0,0,0,0,0,0,290,1539,3790,4915,6453,12078,12681,29545,55160,112275,204191,657528,1009565,1478409,2022133,3234642,4003395,4300000,4612612,4618586,3727162,340,625,5480851,3958510,3711813,3662336,4362183
lbn,0,0,0,0,0,0,0,0,0,0,0,0,0,0,0,0,0,0,0,0,0,120000,198000,373900,505300,627000,743000,766754,775104,795460,884445,993557,1106431,1260000,1427000,2390317,2863664,3755169,3884757,4387275,4657651,0,0,3456650,4277043,4399085,4424185,4237962
lbr,0,0,0,0,0,0,0,0,0,0,0,0,0,0,0,0,0,0,0,0,0,0,0,0,0,0,1500,2000,5000,47250,94370,160000,280000,563000,854627,1085062,1571308,2379900,2550775,3225258,3652000,0,0,2020637,3117002,2660000,NA,NA
lby,0,0,0,0,0,0,0,0,0,0,0,0,0,0,0,0,0,0,0,0,0,0,0,10000,20000,30000,40000,50000,70000,127000,500000,2000000,3927562,4500000,7379115,9534091,10900000,9587000,10235300,8497080,9747080,0,0,10000000,7660068,6020000,NA,NA
lca,0,0,0,0,0,0,0,0,0,0,0,0,0,0,0,0,0,0,0,NA,NA,1000,1400,1600,1900,2300,2500,2700,14313,99000,101000,105656,105600,147000,175045,189738,198212,216000,212063,188351,187741,NA,524,216530,176648,176694,184944,NA
lie,NA,NA,NA,NA,NA,NA,NA,NA,NA,NA,NA,NA,NA,NA,NA,NA,NA,NA,0,NA,NA,NA,NA,NA,7500,9000,10000,11000,11402,25000,25500,27503,28755,32013,34000,35000,35500,36080,38427,40652,40950,NA,NA,36970,44298,46402,47272,48307
lka,0,0,0,0,0,0,0,0,0,0,0,0,0,0,0,0,0,0,1010,1800,2644,51316,71029,114888,174202,256655,430202,667662,931403,1393403,2211158,3361775,5412496,7983489,11082454,16305417,17359312,19332844,20315150,22123000,23899642,14687,29182,18319447,25797199,28199083,30282984,NA
lso,0,0,0,0,0,0,0,0,0,0,0,0,0,0,0,0,0,0,0,0,0,0,1262,3500,9831,12000,21600,57000,137953,125950,196213,249786,357913,482455,593216,661000,987448,1544815,1790295,2138789,2140141,0,0,1232354,2282917,2380804,NA,NA
ltu,0,0,0,0,0,0,0,0,0,0,0,0,0,0,0,0,0,0,0,0,267,14795,50973,165337,267615,332000,524000,1017999,1645568,2102207,3051160,4353447,4718215,4912077,5022638,4961499,4890979,4997265,4565976,4267592,4184053,1242,4512,4938000,4204692,4361329,4590441,4658823
lux,0,0,0,0,0,0,0,0,0,0,0,0,0,40,292,375,542,665,824,1139,1120,26838,45000,67208,130500,209190,303274,409064,473000,539000,470000,510000,713000,684500,707000,720000,727000,761314,788371,802400,806800,5082,12895,764973,764000,794000,798600,835900
lva,0,0,0,0,0,0,0,0,0,0,0,0,0,0,0,0,0,0,0,0,1027,15003,28500,77100,167460,274344,401272,656835,917196,1219550,1536712,1871602,2183696,2217008,2298610,2303600,2306100,2630873,2558000,2384000,2590000,3800,8364,2309000,2650273,2464122,2070180,2071814
mac,0,0,0,0,0,0,0,0,0,0,0,0,0,0,0,0,0,1356,2232,4847,10513,35881,44788,52845,82114,118101,141052,194475,276138,364031,432450,532758,636347,794323,932596,1037380,1122261,1613457,1722245,1856453,1896097,15135,21445,1353194,1969972,2047000,2181194,NA
mar,0,0,0,0,0,0,0,0,0,0,0,0,0,0,0,60,105,700,904,1500,3217,29511,42942,74472,116645,369174,2342000,4771739,6198670,7359870,9336878,12392805,16004731,20029300,22815694,25310761,31982279,39016336,42423794,44114534,43079696,6725,13794,36553943,41513933,43916066,44737885,46666722
mco,0,0,0,0,0,0,0,0,0,0,0,0,0,0,0,0,0,0,0,0,0,3005,5400,7200,11474,13080,13927,14302,14874,15081,15750,17191,18307,20400,22000,23000,23414,33195,35464,33675,34020,1150,2559,31789,33297,32978,32689,33783
mda,0,0,0,0,0,0,0,0,0,0,0,0,0,0,0,0,0,0,0,0,0,14,920,2200,7000,18000,139000,225000,338225,475942,787000,1089800,1358152,1882830,2423416,2136409,2550592,3584283,3696834,3738125,3713137,0,0,3217261,3788490,3746644,3636931,3613846
mdg,0,0,0,0,0,0,0,0,0,0,0,0,0,0,0,0,0,0,0,0,0,1300,2300,4100,12784,35752,63094,147500,163010,283666,333888,510269,1045888,2217612,4835239,6283799,7711721,8778600,8461120,9713883,10693765,0,300,8680772,7998253,8730499,10654710,NA
mdv,0,0,0,0,0,0,0,0,0,0,0,0,0,0,0,0,0,0,0,0,0,0,20,1290,1606,2926,7638,18894,41899,66466,113246,203620,271053,313539,435627,457770,494351,560547,625161,665818,739790,0,0,530449,812128,900120,857934,828042
mex,0,0,0,0,0,0,0,0,0,0,0,0,0,0,0,0,1500,8500,63926,160898,312647,688513,1021900,1740814,3349475,7731635,14077880,21757559,25928266,30097700,38451135,47128746,55395461,66559462,75303469,83193574,91383493,100727228,106747373,104948339,107688282,386132,569251,94583253,111730635,114329353,120173510,121366834
mhl,0,0,0,0,0,0,0,0,0,0,0,0,0,0,0,0,0,0,0,0,0,264,365,466,345,443,447,489,552,598,644,660,NA,NA,NA,NA,NA,NA,NA,15500,15500,0,280,NA,NA,16000,NA,NA
mkd,0,0,0,0,0,0,0,0,0,0,0,0,0,0,0,0,0,0,0,0,0,0,1058,12362,30087,48733,115748,223275,365346,776000,985600,1131006,1263841,1794433,1967531,1943216,2153425,2235460,2237250,2224439,2083583,0,0,2213223,2050494,2008008,1969109,2055339
mli,0,0,0,0,0,0,0,0,0,0,0,0,0,0,0,0,0,0,0,0,0,0,1187,2842,4473,6387,10398,23997,45974,247223,406861,761986,1512948,2530891,3438568,4460543,7440383,14612835,19749371,23505559,22698915,0,0,10821930,20217697,22034110,21955565,NA
mlt,0,0,0,0,0,0,0,0,0,0,0,0,0,0,0,0,0,0,0,2280,3500,10791,12500,17691,22531,37541,114444,239416,276859,289992,306067,323980,346771,368530,385636,422083,455579,532228,556652,546229,524161,5300,7500,521748,585470,604759,615843,634768
mmr,0,0,0,0,0,0,0,0,0,0,0,0,0,0,0,0,0,0,0,0,0,2766,7260,8492,8516,11389,13397,22671,47982,66517,92452,128700,214214,247641,367388,502005,594000,3729617,6832380,29029342,40993717,643,1920,1243619,50586416,47946665,61143964,NA
mne,NA,NA,NA,NA,NA,NA,NA,NA,NA,NA,NA,NA,NA,NA,NA,NA,NA,NA,NA,NA,NA,NA,NA,NA,NA,NA,NA,NA,NA,NA,483766,543220,643681,900000,1158032,1294167,1170000,990869,993902,1013296,1007890,NA,NA,1159112,1040747,1044674,1134412,1150998
mng,0,0,0,0,0,0,0,0,0,0,0,0,0,0,0,0,0,0,0,0,0,0,900,2000,9032,34562,154600,195000,216000,319000,428695,557207,774900,1194583,1763178,2249023,2510470,3375205,2877584,3027243,3068156,0,0,2942313,3367573,3886167,4222041,4418919
mnp,0,0,0,0,0,0,0,0,0,0,0,0,0,0,0,0,0,0,0,NA,NA,1200,NA,NA,NA,2905,3000,13200,17137,18619,20474,NA,NA,NA,NA,NA,NA,NA,NA,NA,NA,732,765,NA,NA,NA,NA,NA
moz,0,0,0,0,0,0,0,0,0,0,0,0,0,0,0,0,0,0,0,0,0,0,0,2500,6725,12243,51065,152652,254759,435757,708000,1503943,2339317,3079783,4405006,5970781,7224176,8804986,12401290,18482638,20134932,0,0,7855345,15025598,11875506,14074248,NA
mrt,0,0,0,0,0,0,0,0,0,0,0,0,0,0,0,0,0,0,0,0,0,0,0,0,0,0,15300,110463,247238,350954,522400,745615,1060122,1413967,2091992,2182249,2776050,4025478,3988195,3753330,3644483,0,0,3314767,3614172,4074157,4566502,4710800
mus,0,0,0,0,0,0,0,0,0,0,0,0,0,0,0,0,0,0,2200,2500,2912,11735,20843,42515,60448,102119,180000,272416,347532,462405,547745,656828,772395,928622,1033300,1086748,1190900,1485800,1533600,1652000,1762300,4037,5706,1294100,1814000,1839500,1918000,NA
mwi,0,0,0,0,0,0,0,0,0,0,0,0,0,0,0,0,0,0,0,0,0,382,3700,7000,10500,22500,49000,55730,86047,135114,222135,421163,620163,1050852,1507684,2485646,3117364,4646894,5290044,5632514,6566707,0,0,3951572,7178384,7772503,7076906,8901027
mys,0,0,0,0,0,0,0,0,0,0,0,0,0,NA,10817,17411,27302,39419,86620,130000,200573,1005066,1520320,2000000,2200000,2990000,5121748,7385000,9053000,11124000,14611000,19545000,19463722,23347000,27713000,30144000,33858700,41324700,43005000,44928600,44104000,340022,571720,36661300,43464500,42338500,42413400,44601400
nam,0,0,0,0,0,0,0,0,0,0,0,0,0,0,0,0,0,0,0,0,0,3500,6644,12500,19500,30000,82000,106600,150000,223671,286095,448857,608846,800270,1052000,1631576,1950072,2146833,2727913,2670983,2549817,0,0,2194495,2659951,2680196,2759293,2822943
ncl,0,0,0,0,0,0,0,0,0,0,0,0,0,0,0,0,0,0,0,0,0,825,2060,5198,13040,25450,49948,67917,80000,97113,116443,134265,155000,176350,196474,209595,220811,231000,240500,243100,260277,0,0,227310,NA,NA,NA,NA
ner,0,0,0,0,0,0,0,0,0,0,0,0,0,0,0,0,0,0,0,0,0,0,0,98,1349,2192,2056,2126,57541,82365,172421,323853,483000,900000,1897628,2599000,3668625,5395540,7006300,8236400,8959000,0,0,4742879,7471802,8778884,NA,NA
nga,0,0,0,0,0,0,0,0,0,0,0,0,0,0,0,0,0,0,0,0,0,13000,14000,15000,20000,25000,30000,266461,1569050,3149473,9147209,18587000,32322202,40395611,62988492,74518264,87297789,112777785,127246092,138960320,150830089,9049,12800,95167308,154342168,144920170,172730603,NA
nic,0,0,0,0,0,0,0,0,0,0,0,0,0,0,0,0,0,0,0,0,0,4400,5100,7560,18310,44229,90294,164509,237248,466706,738624,1119379,1830220,2502281,3108002,3344563,3962247,5851723,6808930,7067860,7264151,324,2183,4823534,7745512,8179876,7441527,5788432
nld,0,0,0,0,0,0,0,0,0,0,0,0,NA,4800,15300,24200,33000,56000,79000,115000,166000,539000,1016000,1717000,3351000,6745460,10755000,12200000,12100000,13200000,14800000,15834000,17296000,19285000,20627000,20149000,19179000,19717000,19467000,19562000,20809054,216000,321000,19829309,20890000,20532000,21108000,21762000
nld_curacao,NA,NA,NA,NA,NA,NA,NA,NA,NA,NA,NA,NA,NA,NA,NA,NA,NA,NA,NA,NA,NA,NA,NA,NA,NA,NA,NA,NA,NA,NA,NA,NA,NA,NA,NA,201097,204024,204702,203502,192569,190489,NA,NA,206294,186644,187184,186390,NA
nor,0,0,0,0,0,0,0,0,0,1670,11059,23473,39050,63075,87061,120029,152193,167651,196828,234423,282918,981305,1261445,1676763,2072000,2664000,3224000,3593000,3790000,4060829,4524750,4754453,4868916,5037650,5211207,5354554,5599286,5797502,5692052,5737961,5714890,371403,588478,5725447,5729569,5719665,5720892,NA
npl,0,0,0,0,0,0,0,0,0,0,0,0,0,0,0,0,0,0,0,0,0,0,0,0,0,5500,10226,17286,21881,81867,116778,227316,1157102,3268895,4200000,5597880,9195562,16608622,21362289,23021340,27516055,0,0,13354477,32120305,36096396,39178451,NA
nru,0,0,0,0,0,0,0,0,0,0,0,0,0,0,0,0,0,0,0,0,0,500,600,750,850,1000,1200,1500,NA,NA,NA,NA,NA,NA,NA,NA,6200,6800,NA,NA,9400,150,450,6700,9900,10000,NA,NA
nzl,0,0,0,0,0,0,0,0,0,0,0,0,0,0,0,2400,10000,28900,54100,72300,100200,365000,492800,566200,790000,1395000,1542000,2288000,2449000,2599000,3027000,3530000,3802290,4251207,4620000,4700000,4710000,4922000,4766000,5100000,5600000,143800,239200,4820000,6100000,6400000,6400000,NA
omn,0,0,0,0,0,0,0,0,0,0,0,0,0,52,747,1159,1711,2098,2730,3672,4721,8052,15000,53000,98000,121000,162000,323000,463000,594000,806280,1333225,1818024,2500000,3219349,3970563,4606133,5277591,5617426,6194169,6646655,5616,6751,4809248,6866260,6943910,6440889,6383458
pak,0,0,0,0,0,0,0,0,0,0,0,0,0,0,0,0,0,0,2000,8500,13500,40964,68038,135027,196096,265614,306493,742606,1698536,2404400,5022908,12771203,34506557,62856712,88019742,94342030,99185844,120151237,127737286,135762031,125899638,16000,24662,108894518,136489014,144525637,153986607,165405847
pan,0,0,0,0,0,0,0,0,0,0,0,0,0,0,0,0,0,0,0,0,0,0,7000,23474,85883,232888,410401,475141,525845,692406,1259948,1748740,2174451,3010635,3915246,6066683,6646348,6213564,6204636,6906090,5741929,0,0,6735429,5141768,5280195,5722370,5599005
per,0,0,0,0,0,0,0,0,0,0,0,0,0,0,0,0,0,0,1650,5700,21550,73543,200972,421814,742642,1013314,1273857,1793284,2306943,2930343,4092558,5583356,9120000,15417247,20951834,24700361,29115149,29388077,29793297,31880043,34235810,36300,52200,32461415,36933161,38915386,42154771,NA
phl,0,0,0,0,0,0,0,0,0,0,0,0,0,0,0,0,0,0,0,34600,56044,493862,959024,1343620,1733652,2849980,6454359,12159163,15383001,22509560,32935875,34778995,42868911,57344815,68117167,75586646,83150138,101978345,102823569,111326045,117838074,102400,171903,94189795,120096895,115824982,134592608,167322432
plw,NA,NA,NA,NA,NA,NA,NA,NA,NA,NA,NA,NA,NA,NA,NA,NA,NA,NA,NA,NA,NA,NA,NA,NA,NA,NA,NA,NA,2458,3924,3924,6051,8346,10691,11667,12744,14512,17151,17945,19114,23743,NA,NA,15445,NA,NA,NA,NA
png,0,0,0,0,0,0,0,0,0,0,0,0,0,0,0,0,0,0,0,0,0,0,2285,3857,5558,7059,8560,10700,15000,17500,48311,75000,100000,300000,874000,1417546,1909078,2709000,3000000,3358900,3560000,0,0,2400000,3782000,4018000,NA,NA
pol,0,0,0,0,0,0,0,0,0,0,0,0,0,0,0,0,0,0,0,0,2195,75000,216900,812200,1928042,3956500,6747000,10004661,13898471,17401222,23096065,29166391,36745454,41388774,43926365,44806632,46952111,54086209,56972803,56905306,54537230,15699,38942,50160222,53001776,50458854,51098747,52268128
pri,0,0,0,0,0,0,0,0,0,0,0,0,0,0,NA,3917,8700,11600,20369,33410,60000,287000,329000,367000,580000,813800,1318099,1628161,1646932,1709062,1847927,1993465,2198845,2431512,2543587,2712220,2933988,3049697,3085146,3208824,3204993,95000,175000,3108372,3252176,3389402,3330286,3371969
prk,0,0,0,0,0,0,0,0,0,0,0,0,0,0,0,0,0,0,0,0,0,0,0,0,0,0,0,0,0,0,0,0,0,0,0,69261,431919,1700000,2420000,2800000,3240000,0,0,1000000,3606000,3810000,NA,NA
prt,0,0,0,0,0,0,0,0,0,0,0,0,0,0,0,0,0,2782,6500,12600,37262,340845,663651,1506958,3074633,4671458,6664951,7977537,8670000,10002705,10571100,11447313,12226439,13477414,14049187,11795080,12210377,11917565,11990993,11895627,11714693,101300,173508,12334595,11572085,11764106,11859548,11909751
pry,0,0,0,0,0,0,0,0,0,0,0,0,0,0,0,0,0,0,0,0,1500,15807,32860,84240,231520,435611,820810,1150000,1667018,1770345,1749048,1887000,3232842,4694361,5790759,5618639,5920858,6793703,7053297,7305277,7411986,3390,7660,6529053,7489474,7468275,7439692,NA
pse,NA,NA,NA,NA,NA,NA,NA,NA,NA,NA,NA,NA,NA,NA,NA,NA,NA,NA,0,NA,0,NA,NA,NA,NA,NA,7076,175941,251602,264091,436628,567584,821800,1021481,1314406,1800000,2603582,3134700,3190233,3197550,3531000,0,0,2884964,3713190,3996206,4375502,NA
pyf,0,0,0,0,0,0,0,0,0,0,0,0,0,0,0,0,0,0,0,0,0,1150,2719,5427,11060,21929,39900,67300,52250,60100,96000,120000,152000,174847,187146,208261,215890,227601,243395,255123,268334,0,0,222827,280111,287839,302673,NA
qat,0,0,0,0,0,0,0,0,0,0,NA,NA,NA,NA,NA,NA,NA,NA,3811,4057,4233,18469,28772,43476,65756,84365,120856,177929,266703,376535,490333,716763,919773,1264206,1429486,1948770,2186447,2601210,3310353,3305822,3740469,4289,11533,2302225,3652579,3988562,3945978,3917571
rou,0,0,0,0,0,0,0,0,0,0,0,0,0,0,0,0,0,0,0,0,0,9068,17000,201000,643000,1355500,2499000,3845116,5110591,7039898,10215388,13354138,15991000,20400000,24470000,25100000,24360000,22840000,22910000,22920000,23120000,800,2775,23420000,22900000,22400000,22634000,22671000
rus,0,0,0,0,0,0,0,0,0,0,0,0,0,0,0,0,0,0,0,300,6000,88526,223002,484883,747160,1370630,3263200,7750499,17608756,36135135,73722222,120000000,150674000,171200000,199522340,230050000,237689224,208065063,218300372,221030353,227288088,10000,27744,203751647,229126152,227299663,229431008,239795946
rwa,0,0,0,0,0,0,0,0,0,0,0,0,0,0,0,0,0,0,0,0,0,0,0,0,5000,11000,39000,65000,82391,130720,137271,222978,314201,635137,1322637,2429252,3548761,5690751,6689158,7747019,8759619,0,0,4446194,8921533,8819217,9700609,9658548
sau,NA,NA,NA,NA,NA,NA,NA,NA,NA,NA,NA,NA,NA,NA,NA,NA,NA,NA,14851,15331,15828,16008,190736,332068,627321,836628,1375881,2528640,5007965,7238224,9175764,14164184,19700000,28400000,36000000,44864355,51564375,53000000,53104000,52735000,52796066,15910,15959,54000000,47932521,40210965,41310584,41298629
sdn,0,0,0,0,0,0,0,0,0,0,0,0,0,0,0,0,0,0,0,0,0,0,2200,3800,8600,13000,23000,103846,190778,527233,1048558,1827940,4683127,8218092,11991469,15339895,18093231,27658595,27657875,27796611,27938507,0,0,25056185,27807293,28644139,30100412,33014160
sen,0,0,0,0,0,0,0,0,0,0,0,0,0,0,0,0,0,0,0,0,0,122,1412,6942,27487,87879,250251,301811,553449,782423,1121314,1730106,2982623,3630804,5389133,6901492,8343717,11470646,13133772,14379729,14959477,0,98,9352868,15186485,15758366,16559942,17880594
sgp,0,0,0,0,0,0,0,0,0,0,0,0,NA,NA,NA,NA,10827,26295,51728,81906,120000,306000,431010,848600,1094700,1630800,2747400,2991600,3313000,3577000,3990700,4384600,4788600,5924100,6414800,6884800,7384600,8067600,8438100,8103800,8233100,179000,235630,7794300,8460700,8381900,8568400,9076700
slb,0,0,0,0,0,0,0,0,0,0,0,0,0,0,0,0,0,0,0,0,0,230,337,658,702,1093,1151,967,999,1060,3000,6000,7000,10900,30000,50000,115500,302147,323105,376696,424712,0,144,274872,416572,465331,482029,478116
sle,0,0,0,0,0,0,0,0,0,0,0,0,0,0,0,0,0,0,0,0,0,0,0,0,0,0,11940,26895,67000,113214,NA,NA,NA,776000,1008800,1160000,2000000,2210000,4000000,4756800,5657000,0,0,2137000,6279270,6625000,6355151,6729804
slv,0,0,0,0,0,0,0,0,0,0,0,0,0,0,0,0,0,0,0,0,0,13475,23270,40163,137114,511365,743628,857782,888818,1149790,1832579,2411753,3851611,6137381,6950703,7566245,7700336,8649000,8991899,9193342,9334132,1632,4868,8316150,9637259,9478044,9433495,NA
smr,NA,NA,NA,NA,NA,NA,NA,NA,NA,NA,NA,NA,NA,NA,NA,NA,NA,NA,0,NA,900,2340,2279,2350,4980,9580,14503,15854,16759,16900,17085,17150,17390,17500,24402,29949,30587,36000,36780,37600,36624,1300,1900,35465,36570,38000,38500,38750
som,0,0,0,0,0,0,0,0,0,0,0,0,0,0,0,0,0,0,0,0,0,0,0,0,0,0,80000,85000,100000,200000,500000,500000,550000,600000,627000,641000,648200,2300000,5183000,5500000,5836000,0,0,1800000,6653040,7119000,7653040,NA
srb,NA,NA,NA,NA,NA,NA,NA,NA,NA,NA,NA,NA,NA,NA,NA,NA,NA,NA,NA,NA,NA,NA,NA,NA,NA,NA,NA,NA,NA,NA,4729629,5510690,6643722,8452642,9618767,9912339,9915348,9137894,9198717,9344977,9155664,NA,NA,10182023,9094447,8621771,8431365,8453887
ssd,NA,NA,NA,NA,NA,NA,NA,NA,NA,NA,NA,NA,NA,NA,NA,NA,NA,NA,NA,NA,NA,NA,NA,NA,NA,NA,NA,NA,NA,NA,NA,NA,NA,NA,NA,NA,1500000,2300000,2853228,2876097,2899000,NA,NA,1800000,2700000,2788933,3672871,NA
stp,0,0,0,0,0,0,0,0,0,0,0,0,0,0,0,0,0,0,0,0,0,0,0,0,0,0,0,0,1980,4819,7745,11953,18424,30099,50551,80829,102730,122172,125329,128500,184971,0,0,115038,178047,173963,162610,165761
sur,0,0,0,0,0,0,0,0,0,0,0,0,0,0,0,0,0,0,0,0,0,1687,2416,2258,6007,17500,41048,87000,108363,168522,212819,232785,320000,380000,657106,763912,521166,569069,868600,927800,750458,1078,1382,533522,806881,795871,752270,813844
svk,0,0,0,0,0,0,0,0,0,0,0,0,0,0,0,0,0,0,0,119,1537,12315,28658,200140,465364,664072,1243736,2147331,2923383,3678774,4275164,4540374,4893232,6068063,5520043,5497719,5925012,6094466,6208412,6378095,6675553,3125,5946,5983059,6989902,7117753,7241702,7399534
svn,0,0,0,0,0,0,0,0,0,0,0,0,0,0,0,0,0,0,0,523,3500,27301,41205,93611,161606,631411,1215601,1470085,1667234,1739146,1848637,1759232,1819572,1928412,2054899,2100435,2121950,2241160,2283573,2326386,2353926,6500,16332,2168548,2385757,2443172,2465857,2511979
swe,0,0,0,0,0,0,0,0,0,20362,27236,36294,57914,73000,112600,173000,243000,349000,461200,568200,656000,2008000,2492000,3169000,4109000,5126000,6372300,7178000,7949000,8801000,8785000,9104000,9607000,10116852,10014000,10440000,10992407,11848449,12014368,12312533,12638827,774500,1381000,11454252,12543188,12519313,12647103,12678374
swz,0,0,0,0,0,0,0,0,0,0,0,0,0,0,0,0,0,0,0,0,0,0,0,0,4700,14000,33000,55000,68000,85000,145000,200000,250000,380000,531643,664432,725802,805000,893000,916800,941000,0,0,766540,995000,1052000,NA,NA
sxm,NA,NA,NA,NA,NA,NA,NA,NA,NA,NA,NA,NA,NA,NA,NA,NA,NA,NA,NA,NA,NA,NA,NA,NA,NA,NA,NA,NA,NA,NA,NA,NA,NA,NA,NA,NA,NA,68840,NA,NA,NA,NA,NA,NA,NA,NA,NA,NA
syc,0,0,0,0,0,0,0,0,0,0,0,0,0,0,0,0,0,0,0,0,0,50,1043,2247,5190,16316,25961,36683,44731,49229,54369,58806,70340,77278,93476,110668,117587,136480,136790,151336,148244,0,0,126594,151857,167282,178946,193672
syr,0,0,0,0,0,0,0,0,0,0,0,0,0,0,0,0,0,0,0,0,0,0,0,0,0,4000,30000,200000,400000,1185000,2346000,2950000,4675000,6234682,7056158,10021861,11696000,12980000,12291150,14039749,14312271,0,0,12917000,13349860,15386000,17129676,19387604
tca,0,0,0,0,0,0,0,0,0,0,0,0,0,0,0,0,0,0,0,0,0,0,0,NA,NA,NA,NA,NA,9052,19361,25085,NA,NA,NA,NA,NA,NA,NA,NA,NA,NA,0,0,NA,NA,NA,NA,NA
tcd,0,0,0,0,0,0,0,0,0,0,0,0,0,0,0,0,0,0,0,0,0,0,0,0,0,0,5500,22000,34200,65000,123000,210000,466088,918356,1600000,2281320,2875304,4402282,4561243,5251560,5465797,0,0,3665661,5585709,6368600,6984130,7664839
tgo,0,0,0,0,0,0,0,0,0,0,0,0,0,0,0,0,0,0,0,0,0,0,0,2995,7500,17000,50000,95000,165138,243613,332565,433635,708000,1190319,1549542,2187334,2602283,3312239,4262993,4516114,4855206,0,0,2695335,5505424,6069905,6144507,6239183
tha,0,0,0,0,0,0,0,0,0,0,0,0,0,0,821,5882,17563,39936,63223,123551,250584,1297826,1844627,2203905,1976957,2339401,3056000,7550000,17449890,21616910,26965548,30460238,40125470,52973994,61837164,65952313,71726300,85012000,93849000,97096000,102942000,413557,737283,77449000,119669000,121530000,125098000,129614000
tjk,0,0,0,0,0,0,0,0,0,0,0,0,0,0,0,0,0,0,0,0,0,0,102,320,420,625,1160,1630,13200,47617,135000,265000,2150000,2132770,3673520,4900000,5940842,6528000,7537100,7999100,8489000,0,0,6324000,9400000,9904000,NA,NA
tkm,0,0,0,0,0,0,0,0,0,0,0,0,0,0,0,0,0,0,0,0,0,0,0,2500,3000,4000,7500,8173,8173,9187,50100,105000,216868,381670,1135150,2132890,3197624,5900000,6125300,7206100,7842000,0,0,5300000,8575000,9377000,NA,NA
tls,NA,NA,NA,NA,NA,NA,NA,NA,NA,NA,NA,NA,NA,NA,NA,NA,NA,NA,0,NA,NA,NA,NA,NA,NA,NA,NA,NA,NA,20058,25722,33072,49100,78215,125002,350891,473020,621000,650000,1375749,1376669,NA,NA,614151,1492124,1556624,1468495,1425256
ton,0,0,0,0,0,0,0,0,0,0,0,0,0,0,0,0,0,0,0,0,0,300,302,120,130,140,180,236,3354,11200,16400,29872,30051,46525,50472,53000,54300,56000,57500,68000,73493,0,0,55000,80000,107938,107938,62104
tto,0,0,0,0,0,0,0,0,0,0,0,0,0,0,0,0,0,0,0,426,1277,6353,9534,17140,26307,38659,161860,256106,262772,336352,651189,924100,1518800,1509800,1806120,1846345,1894240,1883683,1943873,1980566,2123374,1679,2599,1826200,2165847,2030637,1972595,2163725
tun,0,0,0,0,0,0,0,0,0,0,0,0,0,NA,NA,224,401,636,953,1239,1974,3185,6500,7656,38998,55258,119165,389208,574334,1917530,3735695,5680726,7339047,7842619,8602164,9797026,11114206,12843889,12712365,14283633,14595875,2269,2709,12387656,14282078,14334080,14769594,14771048
tur,0,0,0,0,0,0,0,0,0,0,0,0,0,0,365,5101,9846,15606,31809,47828,61395,437130,806339,1609809,3506127,8121517,16133405,19572897,23323118,27887535,34707549,43608965,52662700,61975807,65824110,62779554,61769635,67680547,69661108,71888416,73639261,84187,174779,65321745,75061699,77800170,80117999,80790877
tuv,0,0,0,0,0,0,0,0,0,0,0,0,0,0,0,0,0,0,0,0,0,0,0,0,0,0,0,0,0,0,500,1300,1600,1800,NA,1000,1600,2800,3400,3800,6600,0,0,2130,7600,8000,NA,NA
tza,0,0,0,0,0,0,0,0,0,0,0,0,0,0,0,0,0,0,0,0,0,3500,9038,20200,37940,50950,110518,275560,606859,1298000,1942000,2964000,5609000,8252000,13006793,17469486,20983853,27219283,27442823,31862656,39665600,0,371,25666455,40044186,39953860,43497261,47685232
uga,0,0,0,0,0,0,0,0,0,0,0,0,0,0,0,0,0,0,0,0,0,1747,4000,5000,30000,56358,126913,283520,393310,776169,1165035,1315300,2008818,4195278,8554864,9383734,12828264,16356387,18068648,20365941,20220273,0,0,16696992,22838486,24948878,24472033,NA
ukr,0,0,0,0,0,0,0,0,0,0,0,0,0,0,0,0,0,0,0,0,0,14000,30000,57200,115500,216567,818524,2224600,3692700,6498423,13735000,30013500,49076239,55240400,55681476,54942815,53928830,59343693,62458800,61170229,60720073,65,5000,55576481,56717856,55714733,53933592,54842940
ury,0,0,0,0,0,0,0,0,0,0,0,0,0,0,0,0,0,0,0,0,1712,39904,78601,99235,151341,319131,410787,519991,513528,497530,599768,1154923,2330011,3004323,3507816,4111560,4437158,4995459,5267947,5497094,5165474,4969,6825,4757425,5116736,5097569,5170624,4779787
usa,0,0,0,0,0,0,0,0,0,NA,NA,NA,91600,340213,681825,1230855,2069441,3508944,5283055,7557148,11032753,33785661,44042992,55312293,69209321,86047003,109478031,128500000,141800000,160637000,184819000,203700000,229600000,249300000,261300000,274283000,285118000,304838000,310698000,355500000,382307000,16009461,24134421,297404000,396000000,400000000,422000000,NA
uzb,0,0,0,0,0,0,0,0,0,0,0,0,0,0,0,0,0,0,0,0,0,3731,9510,17232,26826,40389,53128,128012,186900,320815,544100,720000,2530365,5691458,12375274,16417914,20952000,20274090,21500000,21639200,21783300,500,902,25441789,23265389,24265460,23226156,33380000
vct,0,0,0,0,0,0,0,0,0,0,0,0,0,0,0,0,0,0,0,NA,70,215,280,346,750,1420,2361,7492,9982,62911,72000,70620,87634,110491,130098,121114,131791,126992,125378,115017,113371,83,150,131809,112649,115844,105875,102700
ven,0,0,0,0,0,0,0,0,0,0,0,0,0,0,0,0,1800,3685,7422,16600,78560,403800,581700,1071900,2009757,3784735,5447172,6472584,6541894,7015121,8420980,12495721,18789466,23820133,27414377,28123570,27880132,30569073,30896079,30528022,29093517,182600,319000,28781999,27600893,24493687,20731169,16558617
vgb,0,0,0,0,0,0,0,0,0,0,0,0,0,0,NA,NA,NA,NA,0,NA,NA,NA,1200,NA,NA,NA,NA,NA,8000,NA,NA,NA,NA,20700,23000,47031,47524,48703,53406,54764,57195,NA,NA,46597,39689,44043,39954,NA
vir,0,0,0,0,0,0,0,0,0,0,0,0,0,0,0,0,0,0,0,NA,NA,NA,NA,16000,25000,30000,35000,41000,45150,49300,64200,80300,NA,NA,NA,NA,NA,NA,NA,NA,NA,NA,NA,NA,NA,NA,NA,NA
vnm,0,0,0,0,0,0,0,0,0,0,0,0,0,0,0,0,0,0,0,0,800,23500,68910,160457,222700,328671,788559,1251195,1902388,2742000,4960000,9593200,18892480,45024048,74872310,98223980,111570201,131673724,123735557,136148124,120324052,4060,12500,127318045,120600235,120016181,140639140,136230406
vut,0,0,0,0,0,0,0,0,0,0,0,0,0,0,0,0,0,0,0,0,0,121,154,207,220,300,365,350,4900,7800,10504,12692,15000,26000,36000,131682,169935,146084,127244,156051,174818,0,64,136956,218603,228016,251428,265219
wsm,0,0,0,0,0,0,0,0,0,0,0,0,0,0,0,0,0,0,0,0,0,0,0,766,1480,2432,2500,2500,2700,10500,16000,24000,45500,86000,NA,NA,90000,100302,99887,106524,120517,0,0,NA,151008,124211,NA,NA
yem,0,0,0,0,0,0,0,0,0,0,0,0,0,0,0,0,0,0,0,0,1550,8250,8810,12245,16146,27677,32042,147837,486667,675162,1476000,2277559,2977781,4349000,6445000,8313000,11085000,13900000,16844700,17100000,15021953,5170,8191,11668000,16433055,15357868,15297789,NA
zaf,0,0,0,0,0,0,0,0,0,0,0,0,0,0,0,0,0,3980,5680,7100,12510,535000,953000,1836000,3337000,5188000,8339000,10787000,13702000,16860000,20839000,33959958,39662000,42300000,45000000,46436000,50372000,68394000,76865278,79280731,87999492,40000,340000,64000000,82412880,88497610,92427958,96972459
zmb,0,0,0,0,0,0,0,0,0,0,0,0,0,0,0,0,0,0,0,0,0,1547,2721,4550,8260,28190,98853,121200,139092,241000,464354,949559,1663328,2639026,3539003,4406682,5446991,10524676,10395801,10114867,11557725,0,0,8164553,12017034,13438539,15470270,17220607
zwe,0,0,0,0,0,0,0,0,0,0,0,0,0,0,0,0,0,0,0,0,0,0,0,5734,19000,174000,266441,314002,338779,363651,425745,647110,849146,1225654,1654721,3991000,7700000,12613935,13633167,11798652,12757410,0,0,9200000,12878926,14092104,12908992,13195902
